x_set,nnet_sensitivity_ERK2_inhibition,nnet_sensitivity_PKM2_inhibition,nnet_specificity_ERK2_inhibition,nnet_specificity_PKM2_inhibition,rf_class_sensitivity_ERK2_inhibition,rf_class_sensitivity_PKM2_inhibition,rf_class_specificity_ERK2_inhibition,rf_class_specificity_PKM2_inhibition,xgb_clf_sensitivity_ERK2_inhibition,xgb_clf_sensitivity_PKM2_inhibition,xgb_clf_specificity_ERK2_inhibition,xgb_clf_specificity_PKM2_inhibition
ECFP4,0.0625,0.12643678160919541,1.0,1.0,0.0,0.11494252873563218,1.0,1.0,0.0625,0.2413793103448276,1.0,1.0
ECFP6,0.0,0.12643678160919541,1.0,1.0,0.0,0.11494252873563218,1.0,1.0,0.0625,0.11494252873563218,1.0,1.0
MACCS,0.0,0.0,1.0,1.0,0.0,0.11494252873563218,1.0,1.0,0.0,0.2413793103448276,1.0,0.9375
all_descriptors,0.1875,0.25287356321839083,1.0,1.0,0.0,0.11494252873563218,1.0,1.0,0.0625,0.11494252873563218,1.0,1.0
counter_descriptors,0.125,0.12643678160919541,1.0,1.0,0.0,0.11494252873563218,1.0,1.0,0.125,0.11494252873563218,1.0,0.9375
physiochemical_descriptors,0.1875,0.12643678160919541,1.0,1.0,0.0,0.11494252873563218,1.0,1.0,0.0625,0.11494252873563218,1.0,1.0
