x_set,nnet_sensitivity_ERK2_inhibition,nnet_sensitivity_PKM2_inhibition,nnet_specificity_ERK2_inhibition,nnet_specificity_PKM2_inhibition,rf_class_sensitivity_ERK2_inhibition,rf_class_sensitivity_PKM2_inhibition,rf_class_specificity_ERK2_inhibition,rf_class_specificity_PKM2_inhibition,xgb_clf_sensitivity_ERK2_inhibition,xgb_clf_sensitivity_PKM2_inhibition,xgb_clf_specificity_ERK2_inhibition,xgb_clf_specificity_PKM2_inhibition
ECFP4,0.0625,0.12574850299401197,1.0,1.0,0.0,0.11976047904191617,1.0,1.0,0.0625,0.24550898203592814,1.0,1.0
ECFP6,0.0,0.12574850299401197,1.0,1.0,0.0,0.11976047904191617,1.0,1.0,0.0625,0.11976047904191617,1.0,0.9375
MACCS,0.0,0.0,1.0,1.0,0.0,0.11976047904191617,1.0,1.0,0.0,0.11976047904191617,1.0,0.9375
all_descriptors,0.1875,0.25149700598802394,1.0,1.0,0.0,0.11976047904191617,1.0,1.0,0.0625,0.11976047904191617,1.0,1.0
counter_descriptors,0.125,0.25149700598802394,1.0,1.0,0.0,0.11976047904191617,1.0,1.0,0.1875,0.11976047904191617,1.0,1.0
physiochemical_descriptors,0.1875,0.25149700598802394,1.0,0.9375,0.0,0.11976047904191617,1.0,1.0,0.0625,0.11976047904191617,1.0,1.0
